,T,T,T,T,T,T,TMUS,TMUS,TMUS,TMUS,TMUS,TMUS,VZ,VZ,VZ,VZ,VZ,VZ
,Open,High,Low,Close,Adj Close,Volume,Open,High,Low,Close,Adj Close,Volume,Open,High,Low,Close,Adj Close,Volume
Date,,,,,,,,,,,,,,,,,,
2023-08-11,14.149999618530273,14.399999618530273,14.119999885559082,14.369999885559082,13.448843002319336,31213900,137.0800018310547,138.57000732421875,137.02000427246094,138.33999633789062,136.66973876953125,2886800,32.959999084472656,33.41999816894531,32.95000076293945,33.36000061035156,31.100313186645508,15262000
2023-08-14,14.3100004196167,14.369999885559082,14.180000305175781,14.260000228881836,13.345893859863281,26901400,138.9499969482422,139.88999938964844,138.16000366210938,139.5,137.81573486328125,3117800,33.189998626708984,33.59000015258789,33.13999938964844,33.560001373291016,31.28676414489746,17934000
2023-08-15,14.199999809265137,14.210000038146973,14.100000381469727,14.140000343322754,13.233587265014648,26393600,138.7100067138672,139.60000610351562,138.17999267578125,138.5800018310547,136.90682983398438,2664500,33.349998474121094,33.5099983215332,33.209999084472656,33.2599983215332,31.007083892822266,15528600
2023-08-16,14.149999618530273,14.1899995803833,14.010000228881836,14.100000381469727,13.196150779724121,29440300,138.92999267578125,139.67999267578125,138.22000122070312,138.25,136.58082580566406,2755600,33.29999923706055,33.63999938964844,33.13999938964844,33.27000045776367,31.016408920288086,17395100
2023-08-17,14.130000114440918,14.15999984741211,13.989999771118164,14.010000228881836,13.111920356750488,36036700,138.66000366210938,139.1300048828125,136.1699981689453,136.3699951171875,134.7235107421875,3916300,33.36000061035156,33.47999954223633,32.849998474121094,33.060001373291016,30.820632934570312,19128000
2023-08-18,13.970000267028809,14.140000343322754,13.949999809265137,14.050000190734863,13.1493558883667,32206300,136.3300018310547,137.3699951171875,135.6300048828125,136.13999938964844,134.4962921142578,3602600,32.86000061035156,33.41999816894531,32.86000061035156,33.18000030517578,30.932504653930664,21718100
2023-08-21,14.020000457763672,14.140000343322754,13.920000076293945,14.100000381469727,13.196150779724121,47841400,135.80999755859375,136.60000610351562,134.72999572753906,135.5500030517578,133.91342163085938,4141100,33.150001525878906,33.220001220703125,32.77000045776367,33.0,30.764698028564453,27074400
2023-08-22,14.09000015258789,14.319999694824219,14.029999732971191,14.260000228881836,13.345893859863281,43201000,135.02999877929688,135.33999633789062,134.2100067138672,135.16000366210938,133.5281524658203,3239900,33.08000183105469,33.31999969482422,32.88999938964844,33.20000076293945,30.951148986816406,21730300
2023-08-23,14.260000228881836,14.350000381469727,14.140000343322754,14.15999984741211,13.252303123474121,29371100,136.22000122070312,136.80999755859375,135.75999450683594,136.3300018310547,134.6840057373047,3267800,33.20000076293945,33.369998931884766,33.0099983215332,33.189998626708984,30.94182586669922,15766400
2023-08-24,14.039999961853027,14.279999732971191,14.039999961853027,14.149999618530273,13.242944717407227,29780100,134.99000549316406,136.27999877929688,133.22000122070312,133.32000732421875,131.71035766601562,6200000,33.0099983215332,33.58000183105469,33.0,33.380001068115234,31.118955612182617,18561400
2023-08-25,14.170000076293945,14.210000038146973,14.050000190734863,14.109999656677246,13.205509185791016,22107700,132.83999633789062,133.9600067138672,131.47000122070312,133.35000610351562,131.739990234375,5732600,33.33000183105469,33.52000045776367,33.02000045776367,33.349998474121094,31.090986251831055,14912100
2023-08-28,14.180000305175781,14.270000457763672,14.109999656677246,14.210000038146973,13.29909896850586,30173700,134.3000030517578,135.30999755859375,134.0399932861328,135.17999267578125,133.5478973388672,3975300,33.47999954223633,33.619998931884766,33.2599983215332,33.54999923706055,31.277441024780273,16050400
2023-08-29,14.449999809265137,14.8100004196167,14.449999809265137,14.770000457763672,13.823202133178711,45429000,135.5,137.07000732421875,135.02000427246094,136.74000549316406,135.0890655517578,3502300,33.9900016784668,34.75,33.95000076293945,34.689998626708984,32.3402214050293,28782800
2023-08-30,14.880000114440918,14.989999771118164,14.699999809265137,14.729999542236328,13.785765647888184,26065300,137.4199981689453,137.8300018310547,136.72000122070312,137.38999938964844,135.731201171875,3185200,34.88999938964844,34.95000076293945,34.54999923706055,34.63999938964844,32.29360580444336,15021400
2023-08-31,14.800000190734863,14.880000114440918,14.699999809265137,14.789999961853027,13.8419189453125,45406200,137.6999969482422,138.08999633789062,135.99000549316406,136.25,134.60496520996094,6627300,34.849998474121094,35.13999938964844,34.7599983215332,34.97999954223633,32.61057662963867,24333200
2023-09-01,14.8100004196167,14.859999656677246,14.640000343322754,14.649999618530273,13.710892677307129,20276800,137.05999755859375,137.6699981689453,136.24000549316406,137.3300018310547,135.67193603515625,3039800,34.9900016784668,35.150001525878906,34.84000015258789,34.86000061035156,32.49870681762695,14744400
2023-09-05,14.649999618530273,14.75,14.470000267028809,14.479999542236328,13.551790237426758,28402900,137.3300018310547,138.7899932861328,136.5,136.88999938964844,135.23724365234375,3881200,34.849998474121094,35.06999969482422,34.29999923706055,34.29999923706055,31.97663688659668,17486000
2023-09-06,14.430000305175781,14.75,14.319999694824219,14.609999656677246,13.673457145690918,43010100,137.0500030517578,138.97999572753906,132.39999389648438,134.1300048828125,132.51055908203125,10514700,34.099998474121094,34.439998626708984,33.9900016784668,34.18000030517578,31.86476707458496,19187100
2023-09-07,14.600000381469727,14.760000228881836,14.550000190734863,14.609999656677246,13.673457145690918,30699100,134.85000610351562,139.9600067138672,134.5,137.27999877929688,135.62254333496094,8462200,34.18000030517578,34.52000045776367,33.75,33.810001373291016,31.51983070373535,26605800
2023-09-08,14.609999656677246,14.609999656677246,14.359999656677246,14.399999618530273,13.47691822052002,28281300,137.88999938964844,139.3800048828125,136.77000427246094,137.6300048828125,135.9683074951172,4273100,33.810001373291016,33.83000183105469,33.22999954223633,33.45000076293945,31.184215545654297,24872400
2023-09-11,14.470000267028809,14.59000015258789,14.4399995803833,14.520000457763672,13.589227676391602,28625000,138.30999755859375,141.25999450683594,138.0399932861328,140.25999450683594,138.56654357910156,5271800,33.70000076293945,34.09000015258789,33.58000183105469,33.939998626708984,31.641023635864258,18883900
2023-09-12,14.529999732971191,14.569999694824219,14.380000114440918,14.460000038146973,13.533073425292969,27383300,140.47000122070312,140.61000061035156,138.8699951171875,140.11000061035156,138.4183807373047,4862500,34.130001068115234,34.18000030517578,33.79999923706055,34.040000915527344,31.7342529296875,15784400
2023-09-13,14.550000190734863,14.680000305175781,14.470000267028809,14.619999885559082,13.682816505432129,30916600,140.44000244140625,142.13999938964844,139.7899932861328,141.5,139.79159545898438,5427100,34.29999923706055,34.29999923706055,33.5099983215332,33.86000061035156,31.566444396972656,21027900
2023-09-14,14.899999618530273,15.15999984741211,14.869999885559082,15.0600004196167,14.094612121582031,55155000,141.75999450683594,144.1300048828125,141.1699981689453,143.1199951171875,141.39202880859375,7191200,34.27000045776367,34.380001068115234,33.939998626708984,34.040000915527344,31.7342529296875,26570100
2023-09-15,15.0,15.300000190734863,14.960000038146973,15.229999542236328,14.253713607788086,79705300,143.97000122070312,144.92999267578125,141.4499969482422,141.92999267578125,140.2163848876953,19544200,33.959999084472656,34.16999816894531,33.65999984741211,33.790000915527344,31.501182556152344,38188200
2023-09-18,15.170000076293945,15.220000267028809,15.020000457763672,15.09000015258789,14.122688293457031,29972500,143.24000549316406,143.49000549316406,140.6300048828125,140.80999755859375,139.1099090576172,4000800,33.900001525878906,33.970001220703125,33.52000045776367,33.529998779296875,31.2587947845459,16233700
2023-09-19,15.0600004196167,15.25,15.050000190734863,15.210000038146973,14.234996795654297,33190500,141.0,142.5,140.1999969482422,142.47000122070312,140.7498779296875,5252800,33.58000183105469,33.72999954223633,33.25,33.400001525878906,31.137605667114258,23379300
2023-09-20,15.279999732971191,15.729999542236328,15.270000457763672,15.550000190734863,14.553201675415039,45303600,142.77000427246094,143.0500030517578,141.4199981689453,142.07000732421875,140.35470581054688,3396100,33.58000183105469,33.939998626708984,33.36000061035156,33.599998474121094,31.324050903320312,23742000
2023-09-21,15.40999984741211,15.539999961853027,15.289999961853027,15.3100004196167,14.32858657836914,33691400,141.92999267578125,143.07000732421875,139.94000244140625,139.99000549316406,138.29981994628906,4297400,33.52000045776367,33.849998474121094,33.2599983215332,33.290000915527344,31.035053253173828,17993800
2023-09-22,15.329999923706055,15.359999656677246,15.050000190734863,15.119999885559082,14.150765419006348,33964400,139.30999755859375,140.2899932861328,139.3000030517578,139.35000610351562,137.6675567626953,3175300,33.2599983215332,33.5099983215332,32.93000030517578,33.279998779296875,31.025728225708008,22740000
2023-09-25,15.050000190734863,15.109999656677246,14.850000381469727,15.0600004196167,14.094612121582031,30428700,138.72999572753906,140.0399932861328,138.17999267578125,140.00999450683594,138.31956481933594,3910500,33.16999816894531,33.25,32.869998931884766,33.15999984741211,30.913856506347656,17616900
2023-09-26,14.800000190734863,15.079999923706055,14.670000076293945,15.020000457763672,14.05717658996582,35412000,140.00999450683594,141.27999877929688,139.6300048828125,140.4600067138672,138.76414489746094,4661000,32.88999938964844,33.16999816894531,32.810001373291016,32.9900016784668,30.755373001098633,18841600
2023-09-27,15.010000228881836,15.010000228881836,14.800000190734863,14.869999885559082,13.916790962219238,27561600,140.30999755859375,140.83999633789062,138.6300048828125,139.6999969482422,138.0133056640625,3396900,32.95000076293945,33.0099983215332,32.310001373291016,32.400001525878906,30.205339431762695,22083500
2023-09-28,14.890000343322754,15.020000457763672,14.880000114440918,15.010000228881836,14.047816276550293,27817600,140.22999572753906,140.75999450683594,139.22000122070312,139.6999969482422,138.0133056640625,2791900,32.400001525878906,32.619998931884766,32.400001525878906,32.54999923706055,30.34517478942871,18772100
2023-09-29,15.039999961853027,15.100000381469727,14.90999984741211,15.020000457763672,14.05717658996582,29634600,139.6699981689453,140.88999938964844,139.55999755859375,140.0500030517578,138.35910034179688,2804500,32.619998931884766,32.75,32.369998931884766,32.40999984741211,30.214658737182617,19759400
2023-10-02,15.039999961853027,15.09000015258789,14.65999984741211,14.670000076293945,13.72961139678955,36600200,139.9199981689453,140.49000549316406,138.5399932861328,139.25999450683594,137.57862854003906,2935500,32.439998626708984,32.470001220703125,31.729999542236328,31.760000228881836,29.608688354492188,24722600
2023-10-03,14.670000076293945,14.819999694824219,14.579999923706055,14.779999732971191,13.832559585571289,36830800,138.75999450683594,138.75999450683594,136.2100067138672,136.42999267578125,134.7827911376953,4468200,31.700000762939453,32.0099983215332,31.610000610351562,31.979999542236328,29.81378746032715,21389400
2023-10-04,14.65999984741211,14.729999542236328,14.449999809265137,14.649999618530273,13.710892677307129,37089000,136.42999267578125,138.4199981689453,135.82000732421875,138.05999755859375,136.3931121826172,3559400,31.790000915527344,31.969999313354492,31.399999618530273,31.540000915527344,29.40359115600586,23694100
2023-10-05,14.630000114440918,14.880000114440918,14.630000114440918,14.829999923706055,13.879356384277344,32171500,138.19000244140625,138.5500030517578,136.83999633789062,137.42999267578125,135.77072143554688,3686000,31.559999465942383,31.920000076293945,31.3799991607666,31.81999969482422,29.66462516784668,22774400
2023-10-06,14.420000076293945,14.510000228881836,14.119999885559082,14.449999809265137,13.78207015991211,53289300,137.22999572753906,139.4600067138672,136.86000061035156,139.02999877929688,137.35140991210938,4870900,30.940000534057617,31.0,30.139999389648438,30.850000381469727,29.374216079711914,31277900
2023-10-09,14.470000267028809,14.75,14.460000038146973,14.729999542236328,14.049127578735352,30659800,139.27000427246094,140.6999969482422,138.72000122070312,140.13999938964844,138.447998046875,3800500,30.739999771118164,31.5,30.739999771118164,31.450000762939453,29.945514678955078,20344300
2023-10-10,14.6899995803833,14.979999542236328,14.6899995803833,14.960000038146973,14.2684965133667,35746800,140.22999572753906,142.47000122070312,140.1199951171875,142.41000366210938,140.69058227539062,3761800,31.479999542236328,31.799999237060547,31.31999969482422,31.760000228881836,30.24068260192871,19151900
2023-10-11,14.949999809265137,15.050000190734863,14.680000305175781,14.770000457763672,14.087279319763184,31793500,142.24000549316406,143.52999877929688,141.7100067138672,143.1199951171875,141.39202880859375,3752500,31.829999923706055,31.969999313354492,31.40999984741211,31.459999084472656,29.955034255981445,15694200
2023-10-12,14.640000343322754,14.670000076293945,14.279999732971191,14.449999809265137,13.78207015991211,38543700,143.55999755859375,143.88999938964844,139.74000549316406,141.13999938964844,139.43592834472656,4125900,31.329999923706055,31.3700008392334,30.649999618530273,30.90999984741211,29.431344985961914,21718300
2023-10-13,14.479999542236328,14.630000114440918,14.319999694824219,14.359999656677246,13.696229934692383,34104500,141.74000549316406,142.4199981689453,140.52000427246094,141.6699981689453,139.9595184326172,3181200,31.079999923706055,31.389999389648438,30.639999389648438,30.670000076293945,29.20282554626465,24528400
2023-10-16,14.399999618530273,14.5,14.229999542236328,14.40999984741211,13.743918418884277,31727900,142.8800048828125,143.67999267578125,142.05999755859375,143.24000549316406,141.51058959960938,3009200,30.84000015258789,31.31999969482422,30.6200008392334,31.25,29.755081176757812,21087900
2023-10-17,14.319999694824219,14.59000015258789,14.289999961853027,14.579999923706055,13.906060218811035,34771800,143.3300018310547,144.16000366210938,141.47999572753906,142.77000427246094,141.04624938964844,3663800,31.110000610351562,31.540000915527344,31.100000381469727,31.510000228881836,30.002643585205078,21186000
2023-10-18,14.470000267028809,14.529999732971191,14.3100004196167,14.319999694824219,13.65807819366455,36230900,142.4499969482422,142.63999938964844,139.5800018310547,139.69000244140625,138.00343322753906,5464100,31.420000076293945,31.479999542236328,30.989999771118164,31.049999237060547,29.564647674560547,22024300
2023-10-19,15.369999885559082,15.65999984741211,15.15999984741211,15.260000228881836,14.5546293258667,97636500,139.86000061035156,140.0800018310547,137.75,137.83999633789062,136.17576599121094,6731800,31.420000076293945,31.969999313354492,31.399999618530273,31.579999923706055,30.069293975830078,28806600
2023-10-20,15.1899995803833,15.90999984741211,15.1899995803833,15.380000114440918,14.669082641601562,68043400,138.41000366210938,138.8800048828125,136.85000610351562,136.99000549316406,135.33604431152344,5723300,31.56999969482422,32.13999938964844,31.549999237060547,31.56999969482422,30.059772491455078,27265100
2023-10-23,15.369999885559082,15.380000114440918,14.859999656677246,14.949999809265137,14.258957862854004,53938600,136.9199981689453,139.05999755859375,136.9199981689453,137.74000549316406,136.07699584960938,3353100,31.479999542236328,31.65999984741211,31.260000228881836,31.389999389648438,29.888383865356445,31725800
2023-10-24,15.180000305175781,15.569999694824219,15.180000305175781,15.529999732971191,14.812148094177246,66404200,139.0399932861328,141.30999755859375,138.6999969482422,141.07000732421875,139.3667755126953,5045100,33.150001525878906,34.459999084472656,32.970001220703125,34.29999923706055,32.659175872802734,61617900
2023-10-25,15.5,15.59000015258789,15.069999694824219,15.1899995803833,14.48786449432373,42605800,143.22999572753906,143.30999755859375,137.69000244140625,140.99000549316406,139.28775024414062,9277900,34.5,34.61000061035156,33.599998474121094,33.689998626708984,32.07835388183594,30832800
2023-10-26,15.170000076293945,15.289999961853027,14.979999542236328,15.119999885559082,14.421100616455078,41165100,139.44000244140625,143.3000030517578,138.4199981689453,142.86000061035156,141.13516235351562,7252000,33.65999984741211,34.70000076293945,33.63999938964844,34.470001220703125,32.821044921875,34367000
2023-10-27,15.100000381469727,15.180000305175781,14.739999771118164,14.819999694824219,14.134966850280762,35849200,142.94000244140625,143.38999938964844,139.1999969482422,140.0,138.3096923828125,5429700,34.380001068115234,34.59000015258789,33.34000015258789,33.439998626708984,31.840314865112305,23924800
2023-10-30,14.949999809265137,15.380000114440918,14.90999984741211,15.260000228881836,14.5546293258667,41832200,141.32000732421875,142.27000427246094,139.47000122070312,141.57000732421875,139.86074829101562,4830400,33.84000015258789,34.79999923706055,33.84000015258789,34.619998931884766,32.9638671875,31497700
2023-10-31,15.279999732971191,15.4399995803833,15.25,15.399999618530273,14.688157081604004,33688400,141.5399932861328,144.22999572753906,141.2899932861328,143.86000061035156,142.1230926513672,3971900,34.709999084472656,35.209999084472656,34.66999816894531,35.130001068115234,33.4494743347168,28903400
2023-11-01,15.489999771118164,15.699999809265137,15.430000305175781,15.579999923706055,14.859837532043457,41502800,144.58999633789062,145.42999267578125,143.4199981689453,145.0500030517578,143.29872131347656,4277100,35.40999984741211,35.560001373291016,35.150001525878906,35.400001525878906,33.70655822753906,26071200
2023-11-02,15.619999885559082,15.779999732971191,15.5600004196167,15.729999542236328,15.00290298461914,35788800,145.0,146.5500030517578,143.89999389648438,146.5,144.731201171875,4880400,35.310001373291016,35.939998626708984,35.310001373291016,35.900001525878906,34.182640075683594,24946000
2023-11-03,15.899999618530273,16.040000915527344,15.829999923706055,15.880000114440918,15.145970344543457,42801200,147.6300048828125,148.17999267578125,146.75,147.49000549316406,145.70925903320312,4323900,35.9900016784668,36.369998931884766,35.939998626708984,36.02000045776367,34.296897888183594,23311800
2023-11-06,15.829999923706055,15.899999618530273,15.640000343322754,15.75,15.021980285644531,32805500,147.58999633789062,148.66000366210938,147.05999755859375,147.33999633789062,145.56106567382812,3253900,35.97999954223633,36.029998779296875,35.619998931884766,35.63999938964844,33.93507385253906,15544000
2023-11-07,15.710000038146973,15.960000038146973,15.710000038146973,15.84000015258789,15.107819557189941,26425500,147.6699981689453,147.97999572753906,146.8699951171875,147.1300048828125,145.35360717773438,3504000,35.70000076293945,36.099998474121094,35.650001525878906,35.939998626708984,34.220726013183594,17654600
2023-11-08,15.84000015258789,15.84000015258789,15.579999923706055,15.649999618530273,14.92660140991211,28224500,147.0,147.7100067138672,146.0399932861328,146.63999938964844,144.86953735351562,3558600,35.939998626708984,35.97999954223633,35.599998474121094,35.77000045776367,34.05885696411133,16971500
2023-11-09,15.680000305175781,15.75,15.550000190734863,15.630000114440918,14.907526016235352,26080800,146.47000122070312,147.60000610351562,146.22000122070312,146.88999938964844,145.1165008544922,3347200,35.869998931884766,36.04999923706055,35.459999084472656,35.619998931884766,33.91603088378906,15685800
2023-11-10,15.680000305175781,15.739999771118164,15.460000038146973,15.640000343322754,14.917064666748047,23755800,147.35000610351562,147.77000427246094,145.9199981689453,147.61000061035156,145.8278045654297,4010900,35.90999984741211,35.91999816894531,35.400001525878906,35.709999084472656,34.00172424316406,12791200
2023-11-13,15.609999656677246,15.739999771118164,15.510000228881836,15.579999923706055,14.859837532043457,23876000,147.49000549316406,147.8800048828125,146.58999633789062,147.2100067138672,145.43264770507812,3151900,35.63999938964844,36.18000030517578,35.40999984741211,35.81999969482422,34.10646438598633,17236700
2023-11-14,15.699999809265137,15.75,15.520000457763672,15.630000114440918,14.907526016235352,31504200,148.02000427246094,148.5,146.4499969482422,147.00999450683594,145.23504638671875,5262800,36.0099983215332,36.099998474121094,35.810001373291016,35.880001068115234,34.16359329223633,17667100
2023-11-15,15.649999618530273,15.800000190734863,15.640000343322754,15.760000228881836,15.031517028808594,25233500,146.8000030517578,147.5,145.77000427246094,147.1999969482422,145.42276000976562,4675000,35.880001068115234,36.11000061035156,35.84000015258789,36.0,34.27785110473633,22855500
2023-11-16,15.880000114440918,15.930000305175781,15.75,15.880000114440918,15.145970344543457,26214200,148.9499969482422,149.2899932861328,147.07000732421875,147.49000549316406,145.70925903320312,3641000,36.08000183105469,36.380001068115234,35.93000030517578,36.18000030517578,34.449241638183594,19110800
2023-11-17,15.90999984741211,15.960000038146973,15.84000015258789,15.899999618530273,15.165045738220215,27162600,147.9600067138672,148.57000732421875,147.1199951171875,147.7100067138672,145.92662048339844,3267800,36.380001068115234,36.380001068115234,36.08000183105469,36.22999954223633,34.496849060058594,19355200
2023-11-20,15.899999618530273,16.170000076293945,15.850000381469727,16.100000381469727,15.355801582336426,30868000,147.7899932861328,148.92999267578125,147.24000549316406,148.5,146.7070770263672,4007700,36.279998779296875,36.869998931884766,36.20000076293945,36.72999954223633,34.97293472290039,18656400
2023-11-21,16.06999969482422,16.25,16.020000457763672,16.190000534057617,15.441641807556152,25680000,149.42999267578125,149.4499969482422,148.13999938964844,148.61000061035156,146.81573486328125,3112300,36.86000061035156,37.45000076293945,36.849998474121094,37.25,35.46805191040039,22946400
2023-11-22,16.25,16.280000686645508,16.100000381469727,16.170000076293945,15.422565460205078,21301600,149.02000427246094,149.60000610351562,148.6699981689453,148.91000366210938,147.11212158203125,2913800,37.33000183105469,37.52000045776367,37.220001220703125,37.349998474121094,35.56327438354492,14613100
2023-11-24,16.209999084472656,16.31999969482422,16.200000762939453,16.209999084472656,15.460716247558594,12431000,148.8800048828125,149.41000366210938,148.3000030517578,148.97999572753906,147.18125915527344,1341400,37.45000076293945,37.56999969482422,37.29999923706055,37.40999984741211,35.62040328979492,6766700
2023-11-27,16.190000534057617,16.270000457763672,16.09000015258789,16.209999084472656,15.460716247558594,29976200,148.97999572753906,149.4499969482422,148.14999389648438,148.8000030517578,147.00344848632812,3923200,37.45000076293945,37.540000915527344,37.290000915527344,37.349998474121094,35.56327438354492,15245300
2023-11-28,16.170000076293945,16.200000762939453,16.030000686645508,16.18000030517578,15.432104110717773,24258400,148.36000061035156,148.92999267578125,147.9600067138672,148.3800048828125,146.58853149414062,3096900,37.349998474121094,37.5099983215332,37.20000076293945,37.470001220703125,35.67753219604492,14521700
2023-11-29,16.190000534057617,16.329999923706055,16.149999618530273,16.299999237060547,15.546555519104004,26623500,148.97000122070312,149.6199951171875,148.58999633789062,149.5500030517578,147.74440002441406,4326500,37.529998779296875,37.88999938964844,37.529998779296875,37.7599983215332,35.95365905761719,16387400
2023-11-30,16.290000915527344,16.600000381469727,16.290000915527344,16.56999969482422,15.804076194763184,50630000,148.30999755859375,150.6699981689453,148.19000244140625,150.4499969482422,149.28236389160156,5596100,37.83000183105469,38.439998626708984,37.81999969482422,38.33000183105469,36.496395111083984,36623500
2023-12-01,16.600000381469727,16.770000457763672,16.520000457763672,16.760000228881836,15.9852933883667,35397100,150.2899932861328,152.83999633789062,150.2899932861328,152.25,151.06838989257812,4390900,38.400001525878906,38.61000061035156,38.27000045776367,38.58000183105469,36.73443603515625,20758400
2023-12-04,16.600000381469727,16.770000457763672,16.549999237060547,16.65999984741211,15.889915466308594,40542500,151.42999267578125,153.42999267578125,151.3800048828125,152.8000030517578,151.61412048339844,4127700,38.400001525878906,38.56999969482422,38.029998779296875,38.040000915527344,36.22026443481445,22109200
2023-12-05,16.979999542236328,17.34000015258789,16.959999084472656,17.219999313354492,16.424030303955078,72091000,152.85000610351562,154.52999877929688,151.97999572753906,154.0,152.8048095703125,4577400,38.349998474121094,38.54999923706055,38.09000015258789,38.41999816894531,36.58208465576172,23003300
2023-12-06,17.170000076293945,17.280000686645508,16.860000610351562,16.940000534057617,16.156972885131836,45867500,154.92999267578125,155.6199951171875,153.69000244140625,155.5,154.2931671142578,5433600,38.25,38.880001068115234,38.08000183105469,38.5,36.65825653076172,20218500
2023-12-07,17.020000457763672,17.1299991607666,16.899999618530273,17.09000015258789,16.300039291381836,31309100,155.83999633789062,156.91000366210938,155.0500030517578,156.36000061035156,155.14649963378906,4232200,38.54999923706055,38.72999954223633,38.29999923706055,38.650001525878906,36.80108642578125,15223200
2023-12-08,17.09000015258789,17.110000610351562,16.809999465942383,16.920000076293945,16.13789939880371,42067400,156.80999755859375,157.0,154.24000549316406,156.39999389648438,155.18617248535156,3791300,38.65999984741211,38.68000030517578,38.0099983215332,38.25,36.42021942138672,21844000
2023-12-11,16.90999984741211,16.940000534057617,16.530000686645508,16.6200008392334,15.851766586303711,43835000,158.0500030517578,160.22999572753906,158.0,158.85000610351562,157.61717224121094,5170800,38.290000915527344,38.38999938964844,37.47999954223633,37.66999816894531,35.86796569824219,21914500
2023-12-12,16.559999465942383,16.579999923706055,16.34000015258789,16.40999984741211,15.651473045349121,41348800,159.80999755859375,161.19000244140625,159.02000427246094,160.44000244140625,159.19483947753906,5049300,37.56999969482422,37.63999938964844,37.16999816894531,37.29999923706055,35.51565933227539,17096700
2023-12-13,16.329999923706055,16.5,16.100000381469727,16.450000762939453,15.68962287902832,53889700,159.9499969482422,160.32000732421875,158.57000732421875,159.5500030517578,158.31173706054688,5195300,37.08000183105469,37.150001525878906,36.459999084472656,36.9900016784668,35.22049331665039,32473200
2023-12-14,16.510000228881836,16.809999465942383,16.510000228881836,16.649999618530273,15.880376815795898,54485000,158.4600067138672,158.57000732421875,156.1999969482422,156.8699951171875,155.65252685546875,5758600,37.25,37.97999954223633,37.18000030517578,37.869998931884766,36.05839538574219,28551600
2023-12-15,16.520000457763672,16.65999984741211,16.450000762939453,16.520000457763672,15.756386756896973,65897600,156.8699951171875,157.38999938964844,154.89999389648438,156.14999389648438,154.9381103515625,10095800,37.54999923706055,37.83000183105469,37.13999938964844,37.369998931884766,35.582313537597656,51715400
2023-12-18,16.600000381469727,16.75,16.40999984741211,16.459999084472656,15.699159622192383,34621800,156.42999267578125,157.36000061035156,155.0500030517578,156.25999450683594,155.04727172851562,4072300,37.720001220703125,37.79999923706055,37.27000045776367,37.66999816894531,35.86796569824219,22057200
2023-12-19,16.43000030517578,16.6200008392334,16.40999984741211,16.610000610351562,15.842227935791016,28077400,156.14999389648438,156.74000549316406,155.33999633789062,155.8699951171875,154.66029357910156,2722800,37.599998474121094,37.7400016784668,37.4900016784668,37.56999969482422,35.77274703979492,17642500
2023-12-20,16.56999969482422,16.610000610351562,16.399999618530273,16.399999618530273,15.641934394836426,33476300,156.17999267578125,156.66000366210938,154.1199951171875,154.5399932861328,153.34060668945312,3866600,37.5,37.72999954223633,37.279998779296875,37.29999923706055,35.51565933227539,18134600
2023-12-21,16.469999313354492,16.510000228881836,16.350000381469727,16.489999771118164,15.727774620056152,36327900,155.25,155.38999938964844,154.27000427246094,154.92999267578125,153.72760009765625,3213600,37.349998474121094,37.54999923706055,37.209999084472656,37.43000030517578,35.639442443847656,15421000
2023-12-22,16.5,16.729999542236328,16.5,16.549999237060547,15.785000801086426,26736000,155.16000366210938,156.17999267578125,154.32000732421875,155.7100067138672,154.50155639648438,2783900,37.41999816894531,37.779998779296875,37.400001525878906,37.4900016784668,35.69657897949219,13157900
2023-12-26,16.5,16.610000610351562,16.440000534057617,16.56999969482422,15.804076194763184,22750400,155.11000061035156,157.27999877929688,153.83999633789062,156.8300018310547,155.6128387451172,2991200,37.439998626708984,37.63999938964844,37.310001373291016,37.47999954223633,35.687049865722656,11856600
2023-12-27,16.489999771118164,16.6200008392334,16.450000762939453,16.579999923706055,15.813612937927246,27728700,156.02000427246094,158.52000427246094,155.80999755859375,157.94000244140625,156.7142333984375,3575700,37.33000183105469,37.459999084472656,37.20000076293945,37.310001373291016,35.52518844604492,15267600
2023-12-28,16.540000915527344,16.8700008392334,16.530000686645508,16.739999771118164,15.966217994689941,32112900,158.1699981689453,159.30999755859375,157.75,158.9499969482422,157.7163848876953,3013000,37.18000030517578,37.720001220703125,37.150001525878906,37.4900016784668,35.69657897949219,14931700
2023-12-29,16.6299991607666,16.829999923706055,16.610000610351562,16.780000686645508,16.004369735717773,33271100,158.85000610351562,160.8800048828125,158.3699951171875,160.3300018310547,159.08567810058594,3867900,37.380001068115234,37.7599983215332,37.31999969482422,37.70000076293945,35.89652633666992,16205200
2024-01-02,16.84000015258789,17.3799991607666,16.829999923706055,17.25,16.45264434814453,47624300,160.3300018310547,163.0,160.3300018310547,161.91000366210938,160.65342712402344,5049700,37.72999954223633,38.970001220703125,37.68000030517578,38.880001068115234,37.02008056640625,23810900
2024-01-03,17.31999969482422,17.3799991607666,17.219999313354492,17.229999542236328,16.43356704711914,33612400,163.0,164.5,161.8699951171875,162.0800018310547,160.8220977783203,4608600,39.529998779296875,39.720001220703125,39.130001068115234,39.15999984741211,37.28668212890625,26263900
2024-01-04,17.260000228881836,17.299999237060547,17.149999618530273,17.149999618530273,16.35726547241211,35703700,162.85000610351562,163.57000732421875,162.17999267578125,162.3000030517578,161.0404052734375,4068700,39.68000030517578,39.849998474121094,39.36000061035156,39.369998931884766,37.48664093017578,24214600
2024-01-05,17.15999984741211,17.520000457763672,17.100000381469727,17.469999313354492,16.6624755859375,33288500,162.25,163.4499969482422,161.74000549316406,163.3699951171875,162.1020965576172,4552800,39.470001220703125,40.369998931884766,39.29999923706055,40.20000076293945,38.27693557739258,30212900
2024-01-08,17.450000762939453,17.489999771118164,17.239999771118164,17.31999969482422,16.519407272338867,41215100,163.47000122070312,163.99000549316406,162.32000732421875,163.41000366210938,162.14178466796875,4135100,40.150001525878906,40.2599983215332,39.47999954223633,40.099998474121094,38.18172073364258,28483000
2024-01-09,16.969999313354492,16.979999542236328,16.829999923706055,16.950000762939453,16.43023109436035,30338400,163.0500030517578,163.8000030517578,161.6999969482422,163.1999969482422,161.93341064453125,4102500,39.25,39.25,38.77000045776367,39.040000915527344,37.79927444458008,17880100
2024-01-10,16.899999618530273,16.899999618530273,16.760000228881836,16.8700008392334,16.352684020996094,26893800,163.1999969482422,163.69000244140625,161.80999755859375,163.2899932861328,162.022705078125,4502200,39.08000183105469,39.099998474121094,38.65999984741211,39.08000183105469,37.83800506591797,16354700
2024-01-11,16.799999237060547,16.799999237060547,16.149999618530273,16.229999542236328,15.732307434082031,59137500,163.0,163.1300048828125,161.8300018310547,162.1699981689453,160.91140747070312,3662000,39.029998779296875,39.029998779296875,37.560001373291016,37.900001525878906,36.69550704956055,31289800
2024-01-12,16.34000015258789,16.6200008392334,16.329999923706055,16.479999542236328,15.974641799926758,32656700,163.39999389648438,163.75,162.27000427246094,162.5399932861328,161.2785186767578,3394300,38.189998626708984,38.77000045776367,38.16999816894531,38.560001373291016,37.334529876708984,18773500
2024-01-16,16.420000076293945,16.600000381469727,16.34000015258789,16.440000534057617,15.935870170593262,39033400,161.82000732421875,163.24000549316406,160.10000610351562,163.0800018310547,161.81434631347656,4839800,38.58000183105469,39.349998474121094,38.349998474121094,39.290000915527344,38.04132843017578,31039400
2024-01-17,16.3799991607666,16.6299991607666,16.350000381469727,16.40999984741211,15.906787872314453,39261000,163.11000061035156,165.08999633789062,162.75999450683594,164.27000427246094,162.9951171875,5598000,38.720001220703125,39.43000030517578,38.66999816894531,38.869998931884766,37.63467788696289,21377100
2024-01-18,16.290000915527344,16.420000076293945,16.190000534057617,16.399999618530273,15.897095680236816,35127800,162.6199951171875,165.3800048828125,162.27000427246094,164.88999938964844,163.61029052734375,4041000,38.529998779296875,39.0099983215332,38.459999084472656,38.939998626708984,37.702449798583984,17112800
2024-01-19,16.65999984741211,16.780000686645508,16.399999618530273,16.670000076293945,16.158815383911133,52543800,164.3800048828125,165.9499969482422,164.1999969482422,165.16000366210938,163.87820434570312,4281700,39.06999969482422,39.43000030517578,38.689998626708984,39.33000183105469,38.08005905151367,20556200
2024-01-22,16.719999313354492,16.899999618530273,16.639999389648438,16.799999237060547,16.284828186035156,44093400,165.3000030517578,165.75,164.25999450683594,164.3800048828125,163.10426330566406,5253300,39.400001525878906,39.720001220703125,39.310001373291016,39.58000183105469,38.322113037109375,26039200
2024-01-23,17.040000915527344,17.25,16.979999542236328,17.190000534057617,16.662870407104492,59713000,164.9499969482422,165.7899932861328,163.4499969482422,163.74000549316406,162.46922302246094,6194000,41.06999969482422,42.25,40.59000015258789,42.22999954223633,40.88788986206055,49713700
2024-01-24,16.559999465942383,17.040000915527344,16.459999084472656,16.68000030517578,16.16851043701172,79217000,163.52000427246094,164.64999389648438,161.8699951171875,162.0,160.7427215576172,5743000,42.22999954223633,42.34000015258789,41.189998626708984,41.279998779296875,39.968082427978516,27910400
2024-01-25,16.770000457763672,17.190000534057617,16.690000534057617,17.18000030517578,16.65317726135254,54457900,162.6699981689453,163.44000244140625,161.99000549316406,162.55999755859375,161.29837036132812,7629700,41.45000076293945,42.29999923706055,41.33000183105469,42.290000915527344,40.945987701416016,24613200
2024-01-26,17.149999618530273,17.3799991607666,17.1200008392334,17.290000915527344,16.75980567932129,38567300,159.9199981689453,165.69000244140625,159.58999633789062,162.16000366210938,160.90147399902344,8882500,42.290000915527344,42.4900016784668,42.099998474121094,42.400001525878906,41.052490234375,20367200
2024-01-29,17.219999313354492,17.280000686645508,17.049999237060547,17.25,16.721031188964844,38264800,161.69000244140625,163.55999755859375,159.49000549316406,163.08999633789062,161.82424926757812,6604100,42.119998931884766,42.38999938964844,41.65999984741211,42.04999923706055,40.7136116027832,23905700
2024-01-30,17.25,17.59000015258789,17.18000030517578,17.530000686645508,16.99244499206543,54946400,162.52000427246094,163.77999877929688,161.57000732421875,161.6999969482422,160.44505310058594,6502700,42.0,42.599998474121094,41.810001373291016,42.470001220703125,41.12026596069336,20044600
2024-01-31,17.510000228881836,17.81999969482422,17.5,17.690000534057617,17.147539138793945,52968100,162.3300018310547,162.86000061035156,160.4600067138672,161.22999572753906,159.97869873046875,5427200,42.189998626708984,43.209999084472656,42.040000915527344,42.349998474121094,41.00407791137695,23392300
2024-02-01,18.09000015258789,18.15999984741211,17.81999969482422,18.040000915527344,17.486806869506836,71660400,161.22999572753906,163.0,160.24000549316406,162.5,161.2388458251953,5104000,42.68000030517578,42.720001220703125,41.970001220703125,42.4900016784668,41.13962936401367,19586500
2024-02-02,17.93000030517578,17.979999542236328,17.760000228881836,17.829999923706055,17.283245086669922,33245400,162.74000549316406,163.22999572753906,161.2899932861328,161.77999877929688,160.52442932128906,4164200,42.20000076293945,42.470001220703125,41.83000183105469,42.130001068115234,40.79106903076172,21546500
2024-02-05,17.709999084472656,17.8700008392334,17.579999923706055,17.729999542236328,17.186309814453125,31496900,160.14999389648438,162.1999969482422,159.91000366210938,162.00999450683594,160.7526397705078,4311400,42.0,42.18000030517578,41.279998779296875,41.380001068115234,40.06490707397461,20466200
2024-02-06,17.65999984741211,17.770000457763672,17.549999237060547,17.610000610351562,17.069992065429688,25734200,161.8800048828125,162.36000061035156,160.58999633789062,161.0,159.75048828125,4142300,41.38999938964844,41.56999969482422,40.95000076293945,41.099998474121094,39.79380416870117,17517600
2024-02-07,17.600000381469727,17.6200008392334,17.299999237060547,17.329999923706055,16.7985782623291,33871800,161.75,162.3000030517578,160.8000030517578,161.77999877929688,160.52442932128906,3686800,41.099998474121094,41.13999938964844,40.36000061035156,40.41999816894531,39.135414123535156,21815600
2024-02-08,17.299999237060547,17.299999237060547,16.739999771118164,16.81999969482422,16.304216384887695,66974900,161.77999877929688,162.0,159.22000122070312,160.92999267578125,159.68101501464844,4052200,40.29999923706055,40.369998931884766,39.439998626708984,39.90999984741211,38.641624450683594,19523500
2024-02-09,16.790000915527344,16.8799991607666,16.56999969482422,16.84000015258789,16.3236026763916,44427100,161.47999572753906,162.63999938964844,160.27999877929688,162.19000244140625,160.93124389648438,4475500,39.900001525878906,40.09000015258789,39.2599983215332,39.720001220703125,38.457664489746094,18479400
2024-02-12,16.84000015258789,17.059999465942383,16.760000228881836,17.020000457763672,16.498083114624023,31151200,162.13999938964844,162.3699951171875,161.10000610351562,161.75999450683594,160.50457763671875,3261900,39.72999954223633,40.16999816894531,39.529998779296875,40.099998474121094,38.825584411621094,15060500
2024-02-13,17.020000457763672,17.200000762939453,16.75,16.899999618530273,16.381763458251953,29734600,162.13999938964844,162.91000366210938,159.97999572753906,161.47999572753906,160.22674560546875,4783600,40.20000076293945,40.459999084472656,39.68000030517578,40.130001068115234,38.85463333129883,14483600
2024-02-14,16.969999313354492,17.09000015258789,16.84000015258789,16.90999984741211,16.391456604003906,26468100,161.72000122070312,161.99000549316406,160.9199981689453,161.4199981689453,160.16722106933594,3782500,40.380001068115234,40.540000915527344,39.970001220703125,40.150001525878906,38.874000549316406,12443200
2024-02-15,16.940000534057617,17.219999313354492,16.940000534057617,17.09000015258789,16.565937042236328,25926700,161.72000122070312,162.08999633789062,160.85000610351562,161.57000732421875,160.31607055664062,3363600,40.209999084472656,40.619998931884766,40.18000030517578,40.59000015258789,39.30001449584961,12081400
2024-02-16,16.950000762939453,17.06999969482422,16.760000228881836,16.969999313354492,16.449617385864258,28827800,161.22999572753906,161.36000061035156,159.6199951171875,160.41000366210938,159.16505432128906,4594300,40.290000915527344,40.66999816894531,39.7400016784668,40.4900016784668,39.20319366455078,12644900
2024-02-20,16.8799991607666,17.1299991607666,16.8700008392334,16.90999984741211,16.391456604003906,29103900,161.3000030517578,163.36000061035156,161.3000030517578,162.0500030517578,160.79234313964844,4066700,40.40999984741211,40.90999984741211,40.27000045776367,40.5,39.21287536621094,12069500
2024-02-21,16.920000076293945,17.010000228881836,16.84000015258789,17.0,16.478696823120117,22650700,162.80999755859375,164.0800018310547,162.72999572753906,164.0500030517578,162.77682495117188,3928000,40.4900016784668,41.119998931884766,40.369998931884766,41.099998474121094,39.79380416870117,16279700
2024-02-22,16.770000457763672,16.770000457763672,16.420000076293945,16.59000015258789,16.081268310546875,59974500,163.3699951171875,164.5,162.7899932861328,163.5500030517578,162.28070068359375,4394800,40.75,40.93000030517578,40.11000061035156,40.72999954223633,39.43556594848633,22068900
2024-02-23,16.6299991607666,16.860000610351562,16.540000915527344,16.799999237060547,16.284828186035156,32270900,163.3800048828125,165.50999450683594,163.3800048828125,164.33999633789062,163.06455993652344,3910500,40.630001068115234,41.150001525878906,40.459999084472656,40.65999984741211,39.3677864074707,15228600
2024-02-26,16.799999237060547,16.829999923706055,16.520000457763672,16.600000381469727,16.09096336364746,26815900,163.1999969482422,164.3800048828125,162.89999389648438,163.91000366210938,162.6378936767578,3907600,40.599998474121094,40.630001068115234,39.43000030517578,39.689998626708984,38.428611755371094,25108400
2024-02-27,16.610000610351562,16.850000381469727,16.540000915527344,16.829999923706055,16.313907623291016,28350800,163.52999877929688,164.6699981689453,162.94000244140625,164.6199951171875,163.34239196777344,3403800,39.68000030517578,39.97999954223633,39.43000030517578,39.93000030517578,38.66099166870117,17074100
2024-02-28,16.81999969482422,17.040000915527344,16.809999465942383,16.959999084472656,16.439922332763672,33531100,164.2100067138672,164.57000732421875,163.16000366210938,163.8000030517578,162.5287628173828,3354000,39.959999084472656,40.209999084472656,39.86000061035156,40.099998474121094,38.825584411621094,12437000
2024-02-29,17.020000457763672,17.1200008392334,16.90999984741211,16.93000030517578,16.410844802856445,46155200,164.42999267578125,164.5,162.4499969482422,163.3000030517578,162.6781768798828,5128400,40.099998474121094,40.22999954223633,39.849998474121094,40.02000045776367,38.748130798339844,20486500
2024-03-01,16.8700008392334,17.049999237060547,16.809999465942383,16.979999542236328,16.459308624267578,27543000,162.69000244140625,163.75999450683594,162.02000427246094,163.3699951171875,162.74790954589844,3298400,39.9900016784668,40.290000915527344,39.77000045776367,40.20000076293945,38.92240905761719,12124600
2024-03-04,16.8700008392334,16.989999771118164,16.709999084472656,16.799999237060547,16.284828186035156,32690500,162.69000244140625,163.7899932861328,162.33999633789062,163.33999633789062,162.718017578125,3531400,39.91999816894531,40.33000183105469,39.5099983215332,40.310001373291016,39.02891159057617,18753900
2024-03-05,17.030000686645508,17.360000610351562,17.0,17.170000076293945,16.643484115600586,43337900,164.41000366210938,166.77000427246094,163.57000732421875,165.89999389648438,165.26828002929688,9049500,40.349998474121094,40.959999084472656,39.91999816894531,40.349998474121094,39.0676383972168,20640100
2024-03-06,17.100000381469727,17.219999313354492,17.020000457763672,17.18000030517578,16.65317726135254,35356700,165.8000030517578,168.1300048828125,165.8000030517578,167.4199981689453,166.78248596191406,5924100,40.349998474121094,40.369998931884766,39.77000045776367,39.93000030517578,38.66099166870117,16331100
2024-03-07,17.190000534057617,17.299999237060547,17.010000228881836,17.049999237060547,16.527162551879883,27325100,168.44000244140625,168.63999938964844,164.0800018310547,164.38999938964844,163.76402282714844,5953800,40.099998474121094,40.279998779296875,39.380001068115234,39.529998779296875,38.27370071411133,17100600
2024-03-08,17.059999465942383,17.31999969482422,16.979999542236328,17.200000762939453,16.672563552856445,30808700,164.27000427246094,165.44000244140625,163.5,163.99000549316406,163.3655548095703,4443500,39.61000061035156,39.880001068115234,39.38999938964844,39.5099983215332,38.25433349609375,17805300
2024-03-11,17.219999313354492,17.440000534057617,17.219999313354492,17.329999923706055,16.7985782623291,29541600,164.10000610351562,165.60000610351562,163.1300048828125,164.75999450683594,164.1326141357422,4138100,39.56999969482422,40.22999954223633,39.560001373291016,40.130001068115234,38.85463333129883,12344600
2024-03-12,17.299999237060547,17.34000015258789,17.170000076293945,17.200000762939453,16.672563552856445,38700600,164.2899932861328,164.64999389648438,163.33999633789062,163.67999267578125,163.05673217773438,3800300,40.029998779296875,40.2599983215332,39.900001525878906,40.130001068115234,38.85463333129883,12452700
2024-03-13,17.270000457763672,17.43000030517578,17.1299991607666,17.190000534057617,16.662870407104492,32339800,164.0800018310547,164.92999267578125,163.47999572753906,164.08999633789062,163.4651641845703,4441400,40.290000915527344,40.5,40.060001373291016,40.2599983215332,38.980499267578125,13751800
2024-03-14,17.149999618530273,17.170000076293945,16.829999923706055,17.010000228881836,16.48838996887207,37237700,163.11000061035156,163.3800048828125,161.92999267578125,162.86000061035156,162.23985290527344,3967400,40.0,40.060001373291016,39.439998626708984,39.77000045776367,38.506072998046875,17475400
2024-03-15,16.889999389648438,17.139999389648438,16.889999389648438,17.049999237060547,16.527162551879883,93099200,163.22999572753906,164.89999389648438,161.6699981689453,161.80999755859375,161.19384765625,9849300,39.599998474121094,39.93000030517578,39.13999938964844,39.4900016784668,38.2349739074707,54890200
2024-03-18,17.100000381469727,17.31999969482422,16.93000030517578,17.299999237060547,16.769495010375977,35177000,161.8800048828125,162.02000427246094,159.3699951171875,161.14999389648438,160.53636169433594,4803000,39.47999954223633,39.959999084472656,39.2599983215332,39.93000030517578,38.66099166870117,16200800
2024-03-19,17.299999237060547,17.31999969482422,17.15999984741211,17.170000076293945,16.643484115600586,26144600,161.80999755859375,162.0,160.64999389648438,160.74000549316406,160.1279296875,3232800,39.880001068115234,40.04999923706055,39.810001373291016,39.970001220703125,38.6997184753418,15226900
2024-03-20,17.1200008392334,17.309999465942383,17.079999923706055,17.209999084472656,16.6822566986084,28961700,160.67999267578125,161.58999633789062,160.1199951171875,161.16000366210938,160.54632568359375,4007600,39.959999084472656,40.27000045776367,39.79999923706055,40.119998931884766,38.844947814941406,15198800
2024-03-21,17.190000534057617,17.270000457763672,17.059999465942383,17.15999984741211,16.6337890625,34446700,161.6300048828125,161.92999267578125,160.16000366210938,160.92999267578125,160.31719970703125,3312400,40.119998931884766,40.59000015258789,39.97999954223633,40.540000915527344,39.25160217285156,21868300
2024-03-22,17.190000534057617,17.200000762939453,16.979999542236328,16.979999542236328,16.459308624267578,26144000,161.47000122070312,161.52999877929688,158.83999633789062,160.61000061035156,159.99842834472656,3546400,40.7400016784668,40.810001373291016,40.0099983215332,40.369998931884766,39.087005615234375,17815600
2024-03-25,17.040000915527344,17.1299991607666,16.969999313354492,17.1200008392334,16.595016479492188,30944600,160.30999755859375,161.3699951171875,160.1300048828125,161.1199951171875,160.5064697265625,4183800,40.529998779296875,40.880001068115234,40.47999954223633,40.869998931884766,39.57111358642578,14587200
2024-03-26,17.1299991607666,17.280000686645508,17.049999237060547,17.18000030517578,16.65317726135254,33048600,160.6199951171875,161.72999572753906,159.86000061035156,161.10000610351562,160.48655700683594,4195900,40.83000183105469,41.0,40.709999084472656,40.849998474121094,39.5517463684082,17854100
2024-03-27,17.290000915527344,17.59000015258789,17.290000915527344,17.549999237060547,17.011829376220703,37488400,162.22999572753906,162.47999572753906,161.33999633789062,162.00999450683594,161.39308166503906,4479800,41.099998474121094,41.779998779296875,41.099998474121094,41.540000915527344,40.21982192993164,19260100
2024-03-28,17.549999237060547,17.700000762939453,17.520000457763672,17.600000381469727,17.0602970123291,33461500,162.9499969482422,163.74000549316406,162.00999450683594,163.22000122070312,162.59848022460938,3919700,41.63999938964844,42.150001525878906,41.630001068115234,41.959999084472656,40.62647247314453,19771400
2024-04-01,17.190000534057617,17.540000915527344,17.149999618530273,17.5,16.963363647460938,31980100,163.22000122070312,163.2899932861328,161.60000610351562,162.6699981689453,162.0505828857422,3256800,41.9900016784668,42.34000015258789,41.529998779296875,42.279998779296875,40.936302185058594,15031600
2024-04-02,17.479999542236328,17.700000762939453,17.479999542236328,17.520000457763672,16.982749938964844,40169500,161.9199981689453,162.3800048828125,161.19000244140625,162.0800018310547,161.46282958984375,4124900,42.29999923706055,42.68000030517578,42.2599983215332,42.540000915527344,41.18803787231445,17260800
2024-04-03,17.59000015258789,17.709999084472656,17.489999771118164,17.610000610351562,17.069992065429688,38155900,161.89999389648438,163.41000366210938,161.52999877929688,163.25999450683594,162.63832092285156,3245900,42.58000183105469,42.900001525878906,42.529998779296875,42.84000015258789,41.4785041809082,18211800
2024-04-04,17.6200008392334,17.8799991607666,17.559999465942383,17.56999969482422,17.031217575073242,31850300,163.8800048828125,164.52000427246094,161.4199981689453,161.61000061035156,160.99461364746094,3331600,42.9900016784668,43.41999816894531,42.439998626708984,42.45000076293945,41.10089874267578,16461400
2024-04-05,17.520000457763672,17.540000915527344,17.280000686645508,17.420000076293945,16.88581657409668,37757200,161.3800048828125,162.32000732421875,160.3000030517578,161.11000061035156,160.49652099609375,3180200,42.25,42.439998626708984,41.61000061035156,42.119998931884766,40.78138732910156,14330100
2024-04-08,17.399999618530273,17.459999084472656,17.219999313354492,17.25,16.721031188964844,27372200,159.91000366210938,161.77000427246094,159.50999450683594,160.89999389648438,160.2873077392578,4012000,42.119998931884766,42.150001525878906,41.709999084472656,41.72999954223633,40.40378189086914,14457800
2024-04-09,17.0,17.079999923706055,16.809999465942383,16.899999618530273,16.650094985961914,32802500,161.08999633789062,161.5800018310547,160.07000732421875,161.0,160.38693237304688,3359000,41.060001373291016,41.18000030517578,40.540000915527344,40.84000015258789,40.18240737915039,17227000
2024-04-10,16.770000457763672,16.790000915527344,16.510000228881836,16.729999542236328,16.482608795166016,39046800,161.02999877929688,161.02999877929688,159.3800048828125,160.3800048828125,159.76930236816406,4438900,40.61000061035156,40.65999984741211,39.959999084472656,40.52000045776367,39.867557525634766,17900400
2024-04-11,16.670000076293945,16.700000762939453,16.420000076293945,16.420000076293945,16.17719268798828,40831200,160.57000732421875,160.97999572753906,159.75999450683594,160.69000244140625,160.078125,4790900,40.45000076293945,40.470001220703125,40.09000015258789,40.15999984741211,39.51335525512695,14782200
2024-04-12,16.40999984741211,16.459999084472656,16.25,16.309999465942383,16.068819046020508,41764300,160.1199951171875,160.8699951171875,159.61000061035156,160.0500030517578,159.4405517578125,3827400,40.18000030517578,40.2599983215332,39.68000030517578,39.720001220703125,39.080440521240234,21546100
2024-04-15,16.459999084472656,16.540000915527344,16.1299991607666,16.239999771118164,15.999855041503906,40249900,162.0,162.0,159.3800048828125,159.82000732421875,159.21144104003906,4494600,40.11000061035156,40.349998474121094,39.849998474121094,40.11000061035156,39.46416091918945,16442800
2024-04-16,16.219999313354492,16.229999542236328,15.9399995803833,16.09000015258789,15.852072715759277,56368800,160.60000610351562,160.60000610351562,159.13999938964844,159.7899932861328,159.18153381347656,3810400,40.11000061035156,40.13999938964844,39.56999969482422,39.77000045776367,39.129634857177734,14016800
2024-04-17,16.110000610351562,16.25,16.059999465942383,16.1200008392334,15.881629943847656,27177500,159.5800018310547,160.64999389648438,159.41000366210938,160.08999633789062,159.4803924560547,4098300,39.849998474121094,39.97999954223633,39.459999084472656,39.779998779296875,39.13947296142578,21009200
2024-04-18,16.110000610351562,16.350000381469727,16.09000015258789,16.329999923706055,16.088523864746094,29566500,160.05999755859375,161.50999450683594,160.05999755859375,160.85000610351562,160.23751831054688,3246600,39.849998474121094,40.16999816894531,39.709999084472656,40.130001068115234,39.48384094238281,20173700
2024-04-19,16.329999923706055,16.520000457763672,16.260000228881836,16.510000228881836,16.2658634185791,45814400,161.4600067138672,162.38999938964844,160.6999969482422,162.3300018310547,161.7118682861328,5005900,40.0,40.66999816894531,39.97999954223633,40.4900016784668,39.838043212890625,24693500
2024-04-22,16.690000534057617,16.729999542236328,16.170000076293945,16.309999465942383,16.068819046020508,54178100,163.85000610351562,164.61000061035156,162.11000061035156,162.36000061035156,161.74176025390625,3701900,41.400001525878906,41.63999938964844,38.560001373291016,38.599998474121094,37.97847366333008,51243200
2024-04-23,16.3799991607666,16.530000686645508,16.290000915527344,16.5,16.256010055541992,47805000,162.69000244140625,163.8699951171875,162.35000610351562,163.25,162.6283721923828,4165100,38.90999984741211,39.9900016784668,38.68000030517578,39.70000076293945,39.06076431274414,25972800
2024-04-24,16.899999618530273,17.030000686645508,16.3799991607666,16.809999465942383,16.561426162719727,74197800,162.58999633789062,164.5500030517578,162.16000366210938,164.17999267578125,163.55482482910156,4713700,39.5,39.65999984741211,38.939998626708984,39.4900016784668,38.85414505004883,15946600
2024-04-25,16.700000762939453,17.0,16.5,16.579999923706055,16.334827423095703,46680400,164.77000427246094,165.19000244140625,161.6999969482422,164.0500030517578,163.42532348632812,5817300,39.290000915527344,39.81999969482422,38.959999084472656,39.220001220703125,38.58849334716797,16837700
2024-04-26,16.469999313354492,16.8799991607666,16.389999389648438,16.75,16.5023136138916,37852700,162.2100067138672,164.1699981689453,160.6199951171875,163.9600067138672,163.33567810058594,7969000,39.060001373291016,39.959999084472656,38.900001525878906,39.68000030517578,39.04108428955078,18246200
2024-04-29,16.989999771118164,17.280000686645508,16.989999771118164,17.020000457763672,16.768321990966797,42383300,163.77999877929688,164.6999969482422,163.2100067138672,164.25,163.6245574951172,3451400,39.900001525878906,40.81999969482422,39.869998931884766,40.09000015258789,39.444480895996094,19438600
2024-04-30,16.90999984741211,16.979999542236328,16.799999237060547,16.889999389648438,16.640243530273438,31822800,164.25,164.4499969482422,163.07000732421875,164.1699981689453,163.54486083984375,4122400,39.90999984741211,39.91999816894531,39.439998626708984,39.4900016784668,38.85414505004883,20222200
2024-05-01,16.829999923706055,17.100000381469727,16.780000686645508,16.920000076293945,16.6697998046875,39350700,164.5,166.5,163.99000549316406,165.47000122070312,164.8399200439453,6020800,39.33000183105469,39.65999984741211,39.130001068115234,39.20000076293945,38.56881332397461,17754000
2024-05-02,16.989999771118164,16.989999771118164,16.729999542236328,16.81999969482422,16.571277618408203,32205000,166.30999755859375,166.30999755859375,164.52000427246094,164.91000366210938,164.2820587158203,3449800,39.31999969482422,39.47999954223633,38.75,38.93000030517578,38.30316162109375,17394900
2024-05-03,16.81999969482422,16.920000076293945,16.729999542236328,16.850000381469727,16.6008358001709,24023200,164.91000366210938,165.24000549316406,163.55999755859375,164.60000610351562,163.97323608398438,4274900,39.04999923706055,39.20000076293945,38.75,38.88999938964844,38.2638053894043,13195600
2024-05-06,16.950000762939453,17.040000915527344,16.90999984741211,16.989999771118164,16.7387638092041,24182300,164.19000244140625,164.85000610351562,161.80999755859375,162.3699951171875,161.751708984375,6022300,39.119998931884766,39.349998474121094,39.060001373291016,39.33000183105469,38.696720123291016,13348800
2024-05-07,17.059999465942383,17.209999084472656,17.0,17.079999923706055,16.82743263244629,28086800,162.75,162.80999755859375,161.61000061035156,162.19000244140625,161.57240295410156,4611400,39.529998779296875,39.58000183105469,39.09000015258789,39.310001373291016,38.67704391479492,11935200
2024-05-08,17.030000686645508,17.200000762939453,17.0,17.110000610351562,16.856990814208984,25292100,162.5,164.08999633789062,162.25,162.8300018310547,162.20997619628906,5106000,39.2400016784668,39.56999969482422,39.099998474121094,39.47999954223633,38.844303131103516,10438000
2024-05-09,17.100000381469727,17.190000534057617,17.040000915527344,17.18000030517578,16.925954818725586,22547700,163.25,164.72000122070312,162.49000549316406,164.67999267578125,164.05291748046875,4774700,39.5099983215332,39.83000183105469,39.380001068115234,39.790000915527344,39.149314880371094,12881000
2024-05-10,17.200000762939453,17.219999313354492,17.1200008392334,17.170000076293945,16.91610336303711,19229600,164.41000366210938,164.94000244140625,163.52999877929688,164.1999969482422,163.5747528076172,3084800,39.810001373291016,40.41999816894531,39.709999084472656,40.400001525878906,39.74949264526367,16888500
2024-05-13,17.18000030517578,17.34000015258789,17.149999618530273,17.260000228881836,17.004772186279297,28014800,164.99000549316406,164.99000549316406,162.72000122070312,163.35000610351562,162.72799682617188,3686200,40.34000015258789,40.650001525878906,40.09000015258789,40.540000915527344,39.887237548828125,21365700
2024-05-14,17.280000686645508,17.34000015258789,17.219999313354492,17.299999237060547,17.044179916381836,23545300,163.9499969482422,164.5,161.72000122070312,162.41000366210938,161.79156494140625,4657200,40.59000015258789,40.689998626708984,40.41999816894531,40.4900016784668,39.838043212890625,17664400
2024-05-15,17.350000381469727,17.440000534057617,17.18000030517578,17.329999923706055,17.0737361907959,30877900,162.97999572753906,164.0399932861328,162.50999450683594,162.67999267578125,162.06053161621094,4647400,40.75,40.90999984741211,40.439998626708984,40.4900016784668,39.838043212890625,14926000
2024-05-16,17.309999465942383,17.3700008392334,17.149999618530273,17.299999237060547,17.044179916381836,24686200,162.8800048828125,163.67999267578125,162.14999389648438,163.5800018310547,162.9571075439453,3217700,40.290000915527344,40.439998626708984,40.13999938964844,40.25,39.601905822753906,12913200
2024-05-17,17.399999618530273,17.40999984741211,17.260000228881836,17.399999618530273,17.142702102661133,25891200,163.11000061035156,164.0,162.55999755859375,164.0,163.37551879882812,2921400,40.38999938964844,40.40999984741211,39.83000183105469,40.060001373291016,39.41496658325195,14670400
2024-05-20,17.3799991607666,17.559999465942383,17.360000610351562,17.520000457763672,17.260927200317383,28266600,164.07000732421875,164.1999969482422,163.14999389648438,163.89999389648438,163.27589416503906,2983400,40.04999923706055,40.310001373291016,40.0099983215332,40.119998931884766,39.4739990234375,8665000
2024-05-21,17.510000228881836,17.520000457763672,17.139999389648438,17.270000457763672,17.014623641967773,31173300,164.32000732421875,164.72999572753906,163.64999389648438,164.36000061035156,163.73414611816406,3218000,40.099998474121094,40.119998931884766,39.279998779296875,39.619998931884766,38.98204803466797,18327000
2024-05-22,17.190000534057617,17.510000228881836,17.18000030517578,17.5,17.241222381591797,30647500,163.6699981689453,165.8699951171875,163.25999450683594,165.5,164.8697967529297,4197800,39.70000076293945,40.18000030517578,39.619998931884766,39.790000915527344,39.149314880371094,12374100
2024-05-23,17.399999618530273,17.510000228881836,17.31999969482422,17.469999313354492,17.211666107177734,32477700,164.3800048828125,165.60000610351562,164.2100067138672,164.97000122070312,164.34182739257812,3629200,39.599998474121094,39.79999923706055,39.11000061035156,39.43000030517578,38.795108795166016,14105000
2024-05-24,17.489999771118164,17.610000610351562,17.420000076293945,17.5,17.241222381591797,24991800,165.2100067138672,166.1999969482422,164.75999450683594,166.0,165.36790466308594,3722100,39.5099983215332,39.7400016784668,39.5,39.7400016784668,39.100120544433594,10418800
2024-05-28,17.459999084472656,17.520000457763672,17.200000762939453,17.270000457763672,17.014623641967773,25458300,165.5399932861328,168.7100067138672,165.3699951171875,167.30999755859375,166.67291259765625,5729300,39.720001220703125,39.790000915527344,39.16999816894531,39.36000061035156,38.72623825073242,15071300
2024-05-29,17.25,17.309999465942383,17.110000610351562,17.1200008392334,16.86684226989746,23503800,167.61000061035156,169.11000061035156,167.1300048828125,168.8800048828125,168.2369384765625,6166000,39.2599983215332,39.470001220703125,39.0,39.099998474121094,38.470420837402344,17652000
2024-05-30,17.170000076293945,17.639999389648438,17.15999984741211,17.6200008392334,17.35944938659668,33266500,169.1699981689453,171.07000732421875,168.47000122070312,170.6999969482422,170.0500030517578,6210400,39.220001220703125,40.36000061035156,39.18000030517578,40.33000183105469,39.68061828613281,19636500
2024-05-31,17.530000686645508,18.270000457763672,17.469999313354492,18.219999313354492,17.95057487487793,67619500,170.08999633789062,175.27999877929688,169.75999450683594,174.9600067138672,174.9600067138672,8684300,40.13999938964844,41.279998779296875,40.099998474121094,41.150001525878906,40.4874153137207,38917400
2024-06-03,18.1299991607666,18.329999923706055,17.959999084472656,18.010000228881836,17.743680953979492,38332700,174.5,178.47000122070312,171.17999267578125,173.0800018310547,173.0800018310547,7801600,41.18000030517578,41.5099983215332,40.900001525878906,40.97999954223633,40.320152282714844,20688100
2024-06-04,17.969999313354492,18.360000610351562,17.899999618530273,18.350000381469727,18.07865333557129,30089100,173.0800018310547,178.85000610351562,173.07000732421875,177.91000366210938,177.91000366210938,7238200,40.880001068115234,41.560001373291016,40.720001220703125,41.560001373291016,40.89081573486328,16040200
2024-06-05,18.309999465942383,18.31999969482422,18.15999984741211,18.299999237060547,18.02939224243164,28101800,179.02000427246094,181.1699981689453,178.27000427246094,180.27000427246094,180.27000427246094,8973500,41.599998474121094,41.720001220703125,41.130001068115234,41.349998474121094,40.6841926574707,11964000
2024-06-06,18.290000915527344,18.450000762939453,18.219999313354492,18.280000686645508,18.009689331054688,22319200,180.27000427246094,182.6699981689453,179.39999389648438,179.77000427246094,179.77000427246094,7651300,41.310001373291016,41.720001220703125,41.13999938964844,41.33000183105469,40.66451644897461,10259100
2024-06-07,18.219999313354492,18.219999313354492,17.969999313354492,18.100000381469727,17.832351684570312,36626700,179.52000427246094,180.66000366210938,179.27000427246094,179.82000732421875,179.82000732421875,5994200,41.15999984741211,41.290000915527344,40.810001373291016,40.939998626708984,40.28079605102539,10410200
2024-06-10,18.0,18.040000915527344,17.75,17.860000610351562,17.59589958190918,32419600,179.92999267578125,182.30999755859375,179.25,180.69000244140625,180.69000244140625,6775100,40.90999984741211,40.93000030517578,40.33000183105469,40.40999984741211,39.75933074951172,15214000
2024-06-11,17.84000015258789,17.950000762939453,17.729999542236328,17.860000610351562,17.59589958190918,29957000,180.75,180.89999389648438,178.0399932861328,178.39999389648438,178.39999389648438,7331000,40.290000915527344,40.59000015258789,40.220001220703125,40.41999816894531,39.7691650390625,12083300
2024-06-12,17.989999771118164,18.040000915527344,17.56999969482422,17.610000610351562,17.349597930908203,35652200,176.8800048828125,177.2100067138672,171.17999267578125,173.7899932861328,173.7899932861328,10923100,40.77000045776367,40.79999923706055,39.58000183105469,39.77000045776367,39.129634857177734,15065300
2024-06-13,17.549999237060547,17.68000030517578,17.420000076293945,17.670000076293945,17.408708572387695,30692000,174.17999267578125,175.39999389648438,173.17999267578125,175.11000061035156,175.11000061035156,5444700,39.75,39.79999923706055,39.29999923706055,39.779998779296875,39.13947296142578,12297400
2024-06-14,17.59000015258789,17.75,17.489999771118164,17.639999389648438,17.379152297973633,22652300,175.02999877929688,176.0800018310547,174.2100067138672,175.99000549316406,175.99000549316406,4045200,39.47999954223633,39.84000015258789,39.45000076293945,39.66999816894531,39.03124237060547,10480600
2024-06-17,17.559999465942383,17.700000762939453,17.489999771118164,17.670000076293945,17.408708572387695,27451600,175.99000549316406,178.8300018310547,174.80999755859375,177.3800048828125,177.3800048828125,6591900,39.599998474121094,39.599998474121094,38.95000076293945,39.459999084472656,38.82462692260742,22286600
2024-06-18,17.8799991607666,18.200000762939453,17.860000610351562,18.049999237060547,17.78308868408203,33711100,177.8699951171875,178.25,175.57000732421875,177.61000061035156,177.61000061035156,5712000,39.709999084472656,40.18000030517578,39.70000076293945,40.08000183105469,39.43464660644531,17125700
2024-06-20,17.940000534057617,18.15999984741211,17.899999618530273,18.110000610351562,17.84220314025879,32100600,176.50999450683594,179.02000427246094,175.77000427246094,176.44000244140625,176.44000244140625,6596400,39.84000015258789,40.470001220703125,39.810001373291016,40.2400016784668,39.59206771850586,17704700
2024-06-21,18.170000076293945,18.450000762939453,18.06999969482422,18.399999618530273,18.127914428710938,72567200,175.4600067138672,177.4199981689453,174.1199951171875,176.72999572753906,176.72999572753906,13901200,40.369998931884766,40.380001068115234,39.900001525878906,40.2400016784668,39.59206771850586,30390200
2024-06-24,18.420000076293945,18.700000762939453,18.399999618530273,18.649999618530273,18.374217987060547,42162200,177.4499969482422,178.75,176.1699981689453,177.9499969482422,177.9499969482422,5958300,40.38999938964844,41.220001220703125,40.31999969482422,41.16999816894531,40.5070915222168,20773800
2024-06-25,18.639999389648438,18.729999542236328,18.530000686645508,18.690000534057617,18.41362762451172,34090600,178.4600067138672,178.8000030517578,177.25999450683594,177.6300048828125,177.6300048828125,5910400,41.209999084472656,41.630001068115234,40.83000183105469,41.08000183105469,40.41854476928711,18933000
2024-06-26,18.639999389648438,18.809999465942383,18.610000610351562,18.760000228881836,18.48259162902832,32029700,177.00999450683594,177.52000427246094,173.77000427246094,176.30999755859375,176.30999755859375,5316600,41.0,41.16999816894531,40.709999084472656,41.02000045776367,40.3595085144043,19709900
2024-06-27,18.780000686645508,18.790000915527344,18.610000610351562,18.75,18.47273826599121,28916300,176.30999755859375,177.61000061035156,175.7100067138672,177.4199981689453,177.4199981689453,3157400,41.0,41.040000915527344,40.560001373291016,40.81999969482422,40.16272735595703,15560800
2024-06-28,18.799999237060547,19.1299991607666,18.780000686645508,19.110000610351562,18.827415466308594,52825200,177.67999267578125,178.8699951171875,176.11000061035156,176.17999267578125,176.17999267578125,5172300,40.86000061035156,41.58000183105469,40.689998626708984,41.2400016784668,40.575965881347656,27639200
2024-07-01,19.239999771118164,19.31999969482422,18.829999923706055,18.979999542236328,18.699337005615234,36095700,177.58999633789062,179.1699981689453,176.72999572753906,179.0800018310547,179.0800018310547,3257400,41.41999816894531,41.97999954223633,41.349998474121094,41.7400016784668,41.06791687011719,16412100
2024-07-02,18.979999542236328,19.0,18.68000030517578,18.81999969482422,18.541704177856445,31606900,178.1199951171875,180.0,177.6999969482422,179.97999572753906,179.97999572753906,3317400,41.630001068115234,41.70000076293945,40.720001220703125,41.099998474121094,40.43821716308594,21659400
2024-07-03,18.8799991607666,18.920000076293945,18.65999984741211,18.68000030517578,18.40377426147461,19463000,178.8699951171875,179.60000610351562,178.0,178.4600067138672,178.4600067138672,1652900,41.130001068115234,41.38999938964844,40.95000076293945,41.119998931884766,40.4578971862793,6653900
2024-07-05,18.700000762939453,18.799999237060547,18.649999618530273,18.770000457763672,18.492443084716797,30727800,178.91000366210938,179.47999572753906,177.92999267578125,179.24000549316406,179.24000549316406,3256500,41.16999816894531,41.380001068115234,40.95000076293945,41.27000045776367,40.60548400878906,17552200
2024-07-08,18.84000015258789,18.899999618530273,18.690000534057617,18.809999465942383,18.531850814819336,23277400,179.0399932861328,179.92999267578125,178.24000549316406,179.1699981689453,179.1699981689453,2370200,41.29999923706055,41.59000015258789,41.08000183105469,41.529998779296875,40.86129379272461,15380400
2024-07-09,18.81999969482422,18.979999542236328,18.700000762939453,18.799999237060547,18.52199935913086,27803600,179.67999267578125,180.30999755859375,178.4600067138672,179.0500030517578,179.0500030517578,2940800,41.470001220703125,41.779998779296875,41.209999084472656,41.29999923706055,40.6349983215332,20475200
2024-07-10,18.56999969482422,18.75,18.459999084472656,18.739999771118164,18.739999771118164,33408200,178.63999938964844,181.0800018310547,178.63999938964844,180.52000427246094,180.52000427246094,3338400,40.880001068115234,41.130001068115234,40.689998626708984,41.08000183105469,41.08000183105469,13826800
2024-07-11,18.700000762939453,18.8700008392334,18.6200008392334,18.860000610351562,18.860000610351562,23623400,179.25,180.82000732421875,177.91000366210938,178.80999755859375,178.80999755859375,4758300,41.08000183105469,41.36000061035156,40.75,41.29999923706055,41.29999923706055,12487800
2024-07-12,18.719999313354492,18.850000381469727,18.59000015258789,18.809999465942383,18.809999465942383,37919400,179.44000244140625,180.7899932861328,178.5500030517578,179.5399932861328,179.5399932861328,3043900,41.310001373291016,41.56999969482422,41.20000076293945,41.43000030517578,41.43000030517578,11129100
2024-07-15,18.850000381469727,18.8700008392334,18.530000686645508,18.579999923706055,18.579999923706055,33910900,178.75,182.33999633789062,178.6699981689453,181.75,181.75,4028300,41.43000030517578,41.459999084472656,40.70000076293945,40.790000915527344,40.790000915527344,15874900
2024-07-16,18.600000381469727,18.860000610351562,18.56999969482422,18.850000381469727,18.850000381469727,23923600,181.97000122070312,183.82000732421875,181.25,182.97999572753906,182.97999572753906,5437500,40.849998474121094,41.54999923706055,40.81999969482422,41.45000076293945,41.45000076293945,16016900
2024-07-17,18.899999618530273,19.190000534057617,18.850000381469727,19.15999984741211,19.15999984741211,40611500,183.75999450683594,185.4199981689453,182.25999450683594,183.55999755859375,183.55999755859375,5228500,41.54999923706055,42.189998626708984,41.52000045776367,42.029998779296875,42.029998779296875,20401700
2024-07-18,19.100000381469727,19.329999923706055,18.989999771118164,19.149999618530273,19.149999618530273,34793900,183.6300048828125,183.8000030517578,181.72000122070312,182.2899932861328,182.2899932861328,4236900,41.900001525878906,42.52000045776367,41.720001220703125,42.06999969482422,42.06999969482422,15752800
2024-07-19,19.1200008392334,19.239999771118164,18.979999542236328,19.1200008392334,19.1200008392334,29910300,182.22000122070312,183.24000549316406,181.94000244140625,182.0500030517578,182.0500030517578,2494900,42.29999923706055,42.29999923706055,41.43000030517578,41.619998931884766,41.619998931884766,17608000
2024-07-22,18.700000762939453,18.770000457763672,18.309999465942383,18.549999237060547,18.549999237060547,44083600,181.4199981689453,181.69000244140625,176.77999877929688,177.44000244140625,177.44000244140625,4391100,39.95000076293945,40.0,38.70000076293945,39.09000015258789,39.09000015258789,54985800
2024-07-23,18.56999969482422,18.610000610351562,18.139999389648438,18.209999084472656,18.209999084472656,70161800,177.6199951171875,177.64999389648438,175.7100067138672,176.55999755859375,176.55999755859375,3621200,38.7400016784668,39.27000045776367,38.720001220703125,38.88999938964844,38.88999938964844,25257700
2024-07-24,18.920000076293945,19.229999542236328,18.760000228881836,19.15999984741211,19.15999984741211,64465000,177.05999755859375,177.52999877929688,174.22999572753906,176.88999938964844,176.88999938964844,4499600,39.2400016784668,39.83000183105469,39.04999923706055,39.66999816894531,39.66999816894531,22889000
2024-07-25,19.149999618530273,19.739999771118164,19.100000381469727,19.190000534057617,19.190000534057617,54049700,178.25,180.3300018310547,175.02000427246094,175.13999938964844,175.13999938964844,4166300,39.86000061035156,40.970001220703125,39.790000915527344,39.95000076293945,39.95000076293945,19740300
2024-07-26,19.15999984741211,19.299999237060547,18.889999389648438,19.010000228881836,19.010000228881836,30844200,175.69000244140625,176.5500030517578,173.8300018310547,175.52999877929688,175.52999877929688,3117200,39.900001525878906,40.16999816894531,39.650001525878906,40.09000015258789,40.09000015258789,15911500
2024-07-29,19.0,19.020000457763672,18.81999969482422,18.899999618530273,18.899999618530273,30788300,175.7100067138672,177.02999877929688,175.07000732421875,176.8699951171875,176.8699951171875,2400800,40.08000183105469,40.119998931884766,39.66999816894531,40.029998779296875,40.029998779296875,12937200
2024-07-30,18.950000762939453,19.030000686645508,18.84000015258789,18.979999542236328,18.979999542236328,27855000,177.58999633789062,177.88999938964844,173.74000549316406,175.36000061035156,175.36000061035156,4848100,40.0099983215332,40.2599983215332,39.83000183105469,40.040000915527344,40.040000915527344,16089200
2024-07-31,18.899999618530273,19.31999969482422,18.8799991607666,19.25,19.25,39522000,180.3300018310547,182.75,176.88999938964844,182.27999877929688,182.27999877929688,8036700,40.029998779296875,40.790000915527344,39.97999954223633,40.52000045776367,40.52000045776367,23605400
2024-08-01,19.309999465942383,19.6299991607666,19.1299991607666,19.469999313354492,19.469999313354492,44379300,181.8699951171875,187.50999450683594,181.82000732421875,187.07000732421875,187.07000732421875,5228400,40.66999816894531,41.18000030517578,40.279998779296875,40.849998474121094,40.849998474121094,18166800
2024-08-02,19.639999389648438,19.989999771118164,19.190000534057617,19.3700008392334,19.3700008392334,45240100,189.0,193.77000427246094,188.3000030517578,188.75999450683594,188.75999450683594,7922800,41.20000076293945,41.939998626708984,40.40999984741211,40.970001220703125,40.970001220703125,26124900
2024-08-05,18.799999237060547,19.1200008392334,18.639999389648438,18.90999984741211,18.90999984741211,50898400,192.3699951171875,193.47999572753906,185.38999938964844,186.8699951171875,186.8699951171875,6523000,40.0,40.27000045776367,39.63999938964844,39.79999923706055,39.79999923706055,26855000
2024-08-06,18.889999389648438,19.299999237060547,18.860000610351562,19.190000534057617,19.190000534057617,33776000,186.9499969482422,192.64999389648438,186.52000427246094,189.86000061035156,189.86000061035156,4492100,39.970001220703125,40.47999954223633,39.7599983215332,40.2599983215332,40.2599983215332,18104200
2024-08-07,19.200000762939453,19.520000457763672,19.100000381469727,19.25,19.25,30036700,189.86000061035156,193.92999267578125,189.86000061035156,190.58999633789062,190.58999633789062,4685900,40.36000061035156,40.720001220703125,40.20000076293945,40.279998779296875,40.279998779296875,12176300
2024-08-08,19.260000228881836,19.479999542236328,19.209999084472656,19.399999618530273,19.399999618530273,25588100,190.44000244140625,193.83999633789062,190.0,193.61000061035156,193.61000061035156,5437100,40.279998779296875,40.790000915527344,40.25,40.52000045776367,40.52000045776367,13237100
2024-08-09,19.389999389648438,19.600000381469727,19.270000457763672,19.489999771118164,19.489999771118164,22817600,193.6699981689453,194.3800048828125,192.11000061035156,194.1999969482422,194.1999969482422,2802200,40.4900016784668,40.79999923706055,40.029998779296875,40.75,40.75,11816600
